"0","library(googlesheets4)"
"0","library(dplyr)"
"2","Registered S3 method overwritten by 'dplyr':
  method           from
  print.rowwise_df     
"
"2","
Attaching package: ．dplyr・

"
"2","The following objects are masked from ．package:stats・:

    filter, lag

"
"2","The following objects are masked from ．package:base・:

    intersect, setdiff, setequal, union

"
"0","library(lubridate)"
"2","
Attaching package: ．lubridate・

"
"2","The following object is masked from ．package:base・:

    date

"
